id_img,label
29622,sadness
6449,happy
2492,happy
33988,happy
19975,sadness
15976,happy
22347,happy
30164,happy
27719,sadness
27554,happy
10116,happy
8861,happy
26313,happy
13476,happy
210,happy
987,sadness
4534,sadness
24259,happy
1264,sadness
5061,happy
7815,happy
12359,sadness
1027,happy
29529,happy
12492,happy
11785,sadness
4624,happy
28426,happy
33343,happy
16423,sadness
10257,happy
8548,sadness
14611,happy
28091,sadness
4169,happy
15438,sadness
15269,happy
8761,happy
4558,happy
29697,happy
11163,happy
22808,sadness
25720,happy
4412,happy
10480,happy
19274,happy
29329,sadness
17470,sadness
30808,happy
28140,happy
4345,happy
9833,sadness
690,happy
28053,sadness
13000,happy
5177,happy
28963,happy
27616,sadness
19378,happy
26355,sadness
3634,sadness
23848,sadness
4389,sadness
9508,sadness
4207,happy
35691,sadness
29058,happy
7724,happy
32763,happy
3106,happy
21177,happy
5468,sadness
20507,sadness
23781,happy
23915,happy
26046,sadness
12661,happy
24329,sadness
15229,happy
14292,sadness
16938,happy
26543,happy
8649,happy
3972,happy
30127,sadness
34649,sadness
6616,happy
13793,happy
3958,happy
18729,sadness
24161,sadness
2091,happy
16460,happy
9222,sadness
19370,sadness
24354,happy
25686,sadness
31551,happy
29398,happy
28046,sadness
32836,sadness
20684,sadness
19346,happy
9442,happy
27052,happy
22600,happy
16338,happy
21535,happy
28379,happy
25017,happy
29067,sadness
30661,happy
8851,happy
27197,happy
29632,happy
32973,happy
31101,sadness
27106,sadness
2885,happy
28814,happy
18734,happy
19696,sadness
20563,sadness
6865,happy
11582,sadness
34688,happy
29415,happy
32837,happy
9206,sadness
18930,happy
22560,sadness
33366,sadness
761,happy
28955,happy
19883,happy
19968,sadness
8338,happy
2730,happy
29628,happy
2239,sadness
32248,happy
5954,sadness
3146,happy
34316,sadness
33091,sadness
30016,happy
13283,happy
13991,happy
31104,happy
3094,sadness
19785,happy
27779,happy
34098,sadness
629,happy
18250,happy
22301,sadness
13528,happy
29627,sadness
30704,sadness
6149,happy
4381,happy
4133,happy
6175,sadness
18550,sadness
35481,happy
11236,happy
33936,happy
22506,happy
11717,happy
24718,sadness
29555,sadness
11662,happy
4814,sadness
8925,happy
3546,happy
3570,sadness
2796,happy
3422,happy
25819,happy
32997,sadness
9984,happy
26269,sadness
28934,happy
8238,happy
18835,happy
29707,happy
17402,sadness
24845,sadness
18927,sadness
27563,sadness
27636,sadness
16064,happy
35677,happy
18904,happy
5753,happy
14419,happy
11891,happy
10423,sadness
30675,happy
7165,happy
22351,happy
62,sadness
25632,sadness
2307,happy
14836,happy
12329,happy
35375,happy
16776,sadness
17746,happy
19285,sadness
32952,sadness
18018,sadness
28376,happy
28676,sadness
24543,happy
28797,sadness
29703,happy
2496,happy
15494,sadness
5594,happy
7537,happy
30825,sadness
29919,happy
22816,sadness
11100,sadness
20111,sadness
3767,happy
5264,happy
822,happy
7618,sadness
17794,happy
12098,sadness
22690,happy
6700,happy
12040,happy
3138,sadness
29003,happy
10640,sadness
13706,sadness
2790,happy
8102,happy
13502,happy
6686,happy
9571,sadness
34295,happy
2806,happy
35364,happy
20918,sadness
9542,sadness
19148,happy
23320,happy
17367,happy
30241,happy
2629,sadness
19496,sadness
11025,happy
6771,happy
5797,sadness
24054,sadness
11646,happy
2058,happy
27446,sadness
4441,happy
16952,sadness
25186,happy
28696,sadness
23220,sadness
26459,happy
4649,happy
10375,happy
11594,sadness
29370,happy
17662,sadness
15331,happy
19934,happy
18205,sadness
7100,happy
19160,sadness
35192,sadness
35030,sadness
26511,happy
10019,happy
13228,happy
30326,happy
29821,happy
21082,happy
2603,happy
7531,happy
9171,happy
29226,happy
25330,sadness
20994,happy
24211,sadness
8960,sadness
32903,sadness
7712,happy
31295,happy
28424,happy
29835,happy
35794,sadness
26224,happy
26456,sadness
27452,happy
898,sadness
13348,sadness
7976,sadness
10811,sadness
33017,happy
18349,happy
11601,sadness
2377,happy
32377,happy
2930,sadness
29211,happy
527,sadness
7253,sadness
19291,happy
9082,sadness
22545,happy
6187,happy
30789,sadness
906,happy
19402,happy
30118,happy
16151,happy
7623,happy
2655,happy
26346,happy
8146,happy
22140,happy
13912,sadness
13615,happy
29973,happy
30779,sadness
11581,sadness
34799,happy
34234,happy
1707,sadness
674,sadness
19747,happy
26198,sadness
22778,happy
30193,sadness
18345,sadness
26959,happy
10561,sadness
1482,happy
21549,sadness
2412,sadness
1148,happy
1793,happy
20267,happy
2771,sadness
15983,sadness
26212,happy
3891,sadness
18531,sadness
3590,happy
9598,sadness
19548,happy
628,sadness
21602,happy
34567,happy
6989,sadness
4029,sadness
23319,sadness
25887,happy
15090,sadness
25356,happy
23462,sadness
15167,sadness
31010,happy
5618,happy
19008,happy
26775,sadness
14484,happy
24013,happy
17698,happy
33762,sadness
1974,happy
16799,happy
23471,happy
34629,happy
35664,happy
22612,happy
20218,sadness
18962,sadness
27619,happy
5435,sadness
14155,happy
8691,happy
22388,sadness
12705,happy
25231,happy
12379,happy
27051,sadness
34257,sadness
7674,sadness
34761,happy
33747,sadness
8449,sadness
11575,happy
30749,happy
13037,happy
22449,happy
13666,sadness
34978,happy
16108,happy
34569,happy
4736,happy
10276,sadness
4996,happy
12120,sadness
26249,happy
5710,happy
10344,happy
31029,sadness
5279,sadness
5988,happy
25287,happy
19973,sadness
33320,sadness
35341,sadness
25328,happy
11138,happy
4506,happy
21316,happy
973,happy
12239,sadness
34768,happy
6378,happy
21221,sadness
21027,happy
27662,happy
17331,happy
4606,happy
11192,happy
10647,sadness
34464,happy
4549,happy
27928,sadness
24183,sadness
31009,happy
21235,happy
21720,happy
15523,happy
16818,happy
7680,sadness
1056,sadness
2546,sadness
34477,sadness
1395,sadness
18383,happy
873,happy
4572,sadness
2635,sadness
35536,happy
7962,happy
5278,happy
29082,happy
19029,happy
9371,happy
29300,happy
30006,happy
1341,sadness
10114,sadness
35177,happy
11733,sadness
26978,sadness
10713,happy
22532,sadness
1770,happy
33375,happy
34827,happy
32268,happy
25342,sadness
16010,sadness
11140,happy
12557,happy
4284,happy
20217,happy
6109,happy
16125,sadness
34829,happy
2820,happy
31510,happy
18568,sadness
34756,sadness
35411,happy
505,happy
18556,sadness
33212,sadness
32826,sadness
14169,sadness
33917,sadness
23483,sadness
9769,happy
23770,happy
11604,sadness
32144,happy
28982,happy
30728,sadness
15129,sadness
15335,happy
16075,happy
22910,happy
3187,happy
6029,sadness
6904,happy
35737,sadness
30358,happy
9437,sadness
20468,happy
16550,happy
26339,sadness
5719,happy
3086,sadness
11588,happy
24747,happy
26484,sadness
22097,happy
19668,sadness
25843,happy
35707,happy
19711,sadness
10552,happy
8,happy
9865,happy
7029,happy
21006,happy
32613,sadness
141,happy
19748,happy
29111,sadness
26913,sadness
23786,happy
14472,happy
30069,sadness
26840,happy
29979,sadness
20165,happy
18487,happy
22080,happy
15373,happy
30035,sadness
30104,happy
9147,happy
21120,happy
2533,sadness
15078,sadness
9327,sadness
3209,sadness
28465,sadness
31908,sadness
12702,sadness
2282,sadness
7020,happy
6744,sadness
18505,sadness
27292,happy
30981,happy
20395,happy
8252,happy
28100,happy
2084,sadness
27576,happy
639,happy
4274,happy
14696,sadness
21473,happy
3447,sadness
2788,happy
27585,sadness
1772,happy
34387,sadness
20196,happy
29844,happy
6928,sadness
28415,happy
27522,sadness
2934,happy
12284,happy
26736,happy
22448,sadness
31113,happy
4576,sadness
33373,sadness
33874,happy
14593,happy
17003,happy
17597,happy
16633,happy
27258,happy
11573,sadness
3977,happy
8457,sadness
24530,happy
17297,sadness
19880,happy
18165,happy
25381,happy
4159,happy
2012,sadness
3318,happy
1670,sadness
11835,happy
13655,sadness
1926,happy
22711,happy
25117,sadness
370,sadness
6735,sadness
12524,sadness
24079,sadness
7301,sadness
35724,happy
13296,happy
11793,sadness
15677,sadness
13877,sadness
18914,happy
9713,happy
32627,sadness
8034,happy
22004,happy
27562,sadness
3414,happy
7200,sadness
34015,happy
28600,sadness
18297,sadness
30948,sadness
5058,sadness
34195,sadness
2565,happy
16444,happy
31858,happy
23965,sadness
25199,sadness
9889,sadness
24916,happy
34119,happy
19377,sadness
2640,sadness
12129,happy
25920,happy
7702,happy
14574,sadness
34633,sadness
31440,sadness
27759,happy
27461,happy
23612,sadness
19165,happy
6169,sadness
10919,happy
568,sadness
8993,sadness
27367,happy
8027,happy
856,happy
9070,happy
4860,happy
30099,sadness
23968,happy
24942,sadness
6312,happy
11978,happy
13108,happy
7335,happy
774,sadness
24884,sadness
26906,happy
21787,happy
29580,sadness
4226,happy
9267,happy
6935,sadness
25379,happy
6977,happy
7333,sadness
3382,happy
13598,happy
30818,happy
6833,happy
9142,happy
8355,happy
33915,sadness
19084,sadness
8284,happy
16042,happy
2287,sadness
18256,happy
4596,happy
20025,happy
5154,happy
20650,happy
28256,happy
19127,sadness
23572,happy
34720,sadness
2001,sadness
8331,happy
2754,sadness
8876,sadness
10467,happy
32768,sadness
33455,happy
16751,happy
30965,happy
4165,happy
3245,sadness
7737,sadness
24910,sadness
26935,happy
19578,happy
23905,happy
9085,sadness
18952,sadness
33525,happy
17678,happy
32982,happy
27227,sadness
24410,happy
34302,sadness
34498,happy
5714,happy
35659,happy
23293,sadness
10106,happy
17506,happy
3922,happy
28555,happy
22459,sadness
28552,happy
32932,happy
33216,happy
23407,sadness
21593,happy
19837,sadness
33686,happy
17541,happy
25180,happy
28137,sadness
17041,happy
19535,sadness
14505,happy
29464,sadness
366,happy
35567,happy
33610,sadness
16604,happy
35297,happy
4526,happy
34724,happy
28688,sadness
34645,sadness
12659,happy
29819,happy
24393,happy
7943,happy
23380,happy
21750,sadness
8188,happy
15181,happy
22679,happy
19499,happy
2159,happy
7700,happy
12024,happy
9977,happy
9005,happy
6265,sadness
25993,sadness
15535,happy
8677,sadness
1353,happy
2633,sadness
9087,happy
18885,happy
3022,sadness
25759,happy
35767,happy
4084,sadness
2938,happy
10956,happy
13027,happy
11880,sadness
23601,happy
17609,sadness
18834,happy
19317,happy
359,happy
11209,sadness
25250,happy
13570,happy
23028,happy
18443,happy
4811,sadness
12191,sadness
8197,happy
33084,sadness
29290,happy
29123,sadness
13715,happy
24607,happy
15758,happy
25937,sadness
5629,happy
25529,sadness
27931,happy
32175,happy
30274,sadness
5176,happy
8049,happy
17799,happy
30400,sadness
16649,happy
19470,sadness
13380,happy
19357,sadness
14835,happy
10237,sadness
13526,sadness
28949,happy
35771,sadness
1919,sadness
31853,happy
27949,happy
10686,happy
7566,happy
18732,happy
7776,happy
5101,sadness
25927,sadness
10248,happy
21097,sadness
16106,happy
23832,sadness
25163,sadness
16611,sadness
9933,sadness
29649,happy
26501,happy
2305,sadness
27629,happy
1751,sadness
7475,happy
29970,happy
23334,happy
31285,happy
23101,happy
4482,happy
35520,happy
30410,sadness
16443,happy
6901,sadness
1768,happy
14127,happy
31806,happy
2204,happy
4295,happy
14282,happy
9028,sadness
21200,happy
10683,sadness
6551,happy
4589,happy
19210,happy
5102,sadness
6930,happy
17098,happy
14136,happy
15534,happy
5766,happy
34102,happy
24173,sadness
29553,happy
897,happy
3492,sadness
34121,happy
34219,happy
22390,happy
30144,sadness
35214,sadness
880,happy
21292,sadness
9486,sadness
2284,happy
5642,happy
15060,sadness
19744,happy
28396,happy
4849,happy
13488,happy
18897,happy
20400,happy
34533,happy
11909,happy
27140,happy
3016,sadness
30056,sadness
21305,happy
16081,happy
15867,sadness
25123,happy
15271,sadness
14048,sadness
29645,sadness
16962,happy
15323,sadness
16795,happy
2499,happy
6500,happy
32344,happy
16895,sadness
31811,happy
16407,happy
16759,happy
4174,happy
25412,happy
26005,happy
26077,happy
34435,sadness
13483,sadness
20889,happy
34468,happy
8753,happy
2152,sadness
15708,happy
15436,happy
4130,sadness
11867,happy
21846,happy
3543,happy
20560,happy
17518,sadness
15767,sadness
27645,happy
34969,sadness
14517,sadness
23897,happy
3506,happy
25087,sadness
32861,sadness
3875,happy
6792,happy
1704,sadness
32993,happy
115,sadness
30851,happy
33094,happy
580,happy
17022,happy
5224,happy
19568,sadness
29699,sadness
2745,sadness
14522,sadness
9893,happy
9219,sadness
12547,sadness
2367,happy
34861,happy
15039,sadness
21681,sadness
17206,sadness
15854,sadness
8657,sadness
16734,happy
3117,sadness
4094,happy
6914,sadness
10073,happy
19095,happy
22651,sadness
10023,happy
7813,sadness
17381,sadness
20500,happy
19422,happy
27333,sadness
25454,sadness
34205,sadness
30909,sadness
15052,happy
23866,sadness
15294,sadness
18300,happy
8293,sadness
14682,happy
31634,happy
35153,happy
34049,happy
26819,sadness
35318,happy
32595,sadness
29074,sadness
14757,happy
9286,happy
11530,sadness
6368,sadness
6136,happy
33326,happy
20365,happy
6811,happy
13714,happy
19025,happy
13761,sadness
26338,happy
15929,sadness
14877,happy
9923,happy
9272,happy
30893,happy
29769,sadness
19799,happy
30867,happy
17607,happy
24492,sadness
1159,happy
10773,sadness
18120,sadness
21766,sadness
16238,happy
19179,happy
9476,sadness
25006,happy
11814,sadness
3169,happy
34242,happy
8276,happy
15397,happy
2451,sadness
12560,happy
24465,happy
3842,sadness
33302,happy
27588,sadness
24643,happy
4615,happy
17319,happy
3906,sadness
22117,happy
26586,sadness
25414,happy
32725,happy
2184,happy
34483,happy
21439,sadness
312,happy
27162,sadness
34129,happy
24652,happy
10571,sadness
21618,happy
6677,sadness
26573,sadness
17397,happy
14561,happy
10881,happy
20073,happy
27944,sadness
20490,happy
9167,sadness
31870,sadness
26981,happy
28632,sadness
16370,happy
32047,happy
18888,happy
34412,happy
7502,happy
14474,sadness
11234,happy
27426,happy
20239,sadness
6353,sadness
3263,sadness
33213,happy
25775,happy
14730,sadness
10703,sadness
7659,sadness
25832,happy
5147,happy
21077,happy
30820,happy
2690,happy
26665,happy
5466,sadness
11850,sadness
30689,happy
18855,happy
5977,happy
32142,sadness
28594,happy
11658,happy
12958,happy
4090,happy
32950,sadness
11772,happy
5800,sadness
5209,sadness
19605,sadness
25902,happy
20958,sadness
915,happy
14152,happy
13955,sadness
30462,happy
24137,sadness
11026,happy
22150,happy
23891,happy
10620,happy
20318,happy
27518,sadness
8098,sadness
29318,sadness
1130,happy
34820,happy
350,sadness
331,happy
33786,happy
24241,happy
13150,happy
33538,sadness
34991,happy
33065,happy
32565,happy
17275,happy
7371,sadness
15580,sadness
26270,happy
21282,happy
26960,happy
27940,sadness
2312,happy
9392,sadness
18476,sadness
3508,happy
1381,happy
2861,happy
27152,sadness
12776,sadness
14572,happy
14464,sadness
18025,happy
30552,happy
1538,happy
6860,happy
196,happy
3647,happy
11500,happy
8223,happy
15795,happy
28794,sadness
8333,happy
34226,happy
6818,happy
23948,happy
16583,happy
14516,happy
8662,sadness
30440,sadness
32744,happy
10352,sadness
21708,happy
18424,happy
14070,happy
29121,happy
28282,happy
11722,happy
12591,happy
18662,sadness
27326,happy
33981,sadness
21531,happy
7406,happy
19145,sadness
30565,happy
22521,sadness
17713,sadness
23920,happy
9387,sadness
22191,sadness
29305,sadness
9979,happy
33228,sadness
11345,happy
21483,happy
31390,happy
32684,sadness
34070,happy
31929,sadness
15310,happy
4492,happy
2472,sadness
12621,sadness
21098,happy
8955,sadness
19062,sadness
1854,sadness
5374,happy
28529,happy
14208,happy
21033,happy
20745,happy
1628,sadness
27246,sadness
24363,sadness
12011,happy
3403,happy
922,sadness
6897,happy
24148,happy
8164,happy
11885,happy
19597,sadness
18260,happy
11808,happy
1938,sadness
6052,happy
4697,sadness
25438,sadness
1937,happy
2157,sadness
14371,happy
12349,sadness
23654,happy
20850,happy
8473,happy
11208,sadness
27575,happy
14384,sadness
18827,happy
9463,happy
7039,sadness
19768,sadness
26891,happy
4948,sadness
3118,sadness
5417,happy
19063,sadness
12725,happy
8953,happy
32439,happy
17904,happy
35552,sadness
13353,happy
5705,happy
4771,sadness
2483,happy
21632,sadness
30188,sadness
24909,happy
3182,happy
24160,happy
30341,sadness
3477,sadness
26670,happy
30951,sadness
18249,happy
20561,happy
19384,happy
6689,happy
27294,happy
26032,happy
32570,happy
31043,happy
5100,happy
24390,happy
20616,happy
34413,happy
2678,happy
24777,sadness
34917,sadness
23297,sadness
27124,happy
21835,sadness
29937,sadness
15099,happy
9687,happy
14524,happy
3653,sadness
3731,sadness
23060,happy
32544,sadness
7287,happy
12904,happy
23419,happy
20,sadness
9774,happy
10770,sadness
15426,sadness
18101,sadness
16053,happy
17784,sadness
15642,sadness
24027,happy
22319,happy
30855,happy
3131,happy
14236,happy
13801,happy
23884,happy
20580,sadness
22863,sadness
17912,happy
5055,happy
11346,happy
31384,happy
9119,happy
9405,sadness
18541,happy
23829,happy
10425,sadness
4264,sadness
30541,happy
613,happy
5904,happy
7569,sadness
1202,sadness
16304,happy
31857,happy
21876,sadness
26292,happy
10540,happy
20377,sadness
2421,happy
7244,sadness
19049,sadness
22178,sadness
18948,happy
2424,happy
14459,happy
15697,sadness
2122,happy
24360,sadness
10273,happy
18849,happy
35528,happy
31952,happy
22201,happy
6957,happy
16821,happy
33962,happy
16037,happy
2857,happy
681,happy
10138,sadness
25949,happy
27625,sadness
693,sadness
8762,happy
25396,happy
21394,sadness
5289,happy
32051,happy
28252,sadness
6304,happy
31056,sadness
21943,happy
10607,happy
24421,happy
22452,happy
6557,sadness
20104,sadness
19957,happy
8203,sadness
19663,happy
4485,happy
34759,sadness
23453,sadness
22194,happy
27027,sadness
28296,sadness
33322,happy
8303,sadness
1003,happy
34737,happy
30822,happy
33691,happy
23054,sadness
7948,happy
5674,happy
3059,happy
24545,sadness
8430,sadness
24664,happy
15592,happy
30094,happy
25275,sadness
22335,happy
7877,happy
23817,sadness
9338,sadness
35615,sadness
20181,happy
33660,happy
2182,sadness
34941,happy
17293,happy
31366,happy
15966,sadness
29214,sadness
25037,happy
8424,happy
10622,sadness
27788,happy
8228,sadness
29423,sadness
12267,happy
24297,sadness
29647,sadness
26397,happy
9060,sadness
12827,happy
25714,happy
12791,happy
25223,sadness
11794,happy
26468,happy
25719,sadness
12957,happy
30216,happy
8915,happy
5048,happy
10528,sadness
3069,sadness
34386,happy
35386,sadness
33247,happy
15216,happy
18842,happy
7017,sadness
34361,happy
22935,sadness
7299,happy
21988,sadness
32029,happy
25351,sadness
8639,happy
25983,sadness
11637,sadness
1536,happy
27035,sadness
12498,sadness
8614,happy
7275,happy
24692,happy
17002,happy
14973,happy
28383,happy
26079,sadness
31643,sadness
13051,happy
4666,sadness
17462,happy
17543,happy
17715,sadness
6703,sadness
19130,happy
21699,happy
30817,happy
35792,happy
34772,sadness
27873,happy
3431,sadness
19709,happy
30856,sadness
8434,happy
30407,happy
33227,sadness
31712,happy
8864,happy
20964,sadness
22961,sadness
20945,happy
27334,happy
8659,happy
13631,happy
4041,sadness
25025,sadness
8539,happy
26477,sadness
18457,sadness
16076,sadness
26321,sadness
17426,sadness
29589,happy
23584,happy
32898,sadness
594,sadness
13618,happy
24391,happy
34965,happy
20371,happy
26018,sadness
20589,sadness
32139,sadness
3077,sadness
2403,happy
17484,happy
31328,sadness
14122,sadness
8268,sadness
27048,happy
13925,sadness
35639,happy
12381,sadness
2064,happy
27204,sadness
26850,happy
19514,happy
29834,happy
5783,happy
3988,happy
27823,sadness
32849,happy
33693,sadness
7392,sadness
14759,happy
24055,sadness
13584,sadness
33820,sadness
3574,happy
20313,sadness
8082,happy
24536,sadness
25533,happy
29991,sadness
32917,happy
34753,happy
17767,sadness
7603,happy
17666,happy
4980,sadness
27694,happy
4940,happy
9548,happy
23114,sadness
1549,sadness
7232,happy
10031,happy
25597,happy
15885,happy
25431,happy
34600,happy
22340,happy
32388,sadness
14729,sadness
4634,happy
22574,sadness
25472,sadness
23792,sadness
22111,happy
3763,happy
15520,happy
29185,happy
20032,happy
13421,happy
23555,happy
10694,happy
19082,happy
12672,sadness
35454,happy
13105,happy
1020,happy
24731,happy
8089,happy
7590,happy
2559,happy
33938,happy
20567,sadness
18578,happy
17802,happy
4248,happy
33842,happy
32202,happy
21143,sadness
21078,happy
19012,happy
15145,happy
10171,happy
13151,happy
440,sadness
34408,happy
20192,sadness
32005,sadness
34509,sadness
14226,sadness
25747,happy
2611,happy
1420,sadness
14473,sadness
17552,happy
34610,happy
7536,sadness
7848,sadness
12936,sadness
35291,happy
32541,sadness
14092,sadness
1869,sadness
30119,sadness
28962,happy
9885,sadness
29648,happy
32859,happy
21942,happy
23542,happy
4114,happy
26034,sadness
34605,happy
32183,happy
4594,sadness
17447,happy
28294,happy
6563,happy
8266,happy
951,sadness
18367,happy
22763,happy
7672,sadness
20511,sadness
31145,happy
4827,sadness
7425,happy
22754,sadness
30297,happy
14586,sadness
6095,happy
13428,happy
19492,sadness
3007,happy
187,sadness
22271,happy
7827,happy
5558,happy
20430,happy
10792,happy
21029,happy
21434,happy
29365,sadness
12758,happy
6246,happy
680,happy
23170,happy
10383,happy
17717,sadness
7548,happy
6521,happy
30251,sadness
5293,happy
817,sadness
19680,happy
18033,sadness
33463,happy
33331,happy
1316,happy
1309,sadness
20091,happy
13363,sadness
30424,sadness
23715,sadness
9071,sadness
35200,sadness
3982,sadness
23760,happy
9465,happy
32814,happy
6206,happy
1111,happy
6400,sadness
26676,happy
31697,happy
2135,happy
32998,happy
31239,happy
20865,sadness
325,happy
19600,happy
24736,happy
7030,sadness
23549,sadness
20829,happy
6660,sadness
485,sadness
11558,sadness
20412,happy
28115,happy
23813,sadness
8065,sadness
3010,happy
27277,sadness
29792,sadness
31209,sadness
21825,happy
19398,happy
17011,happy
1298,happy
30245,happy
20988,happy
31659,happy
21961,happy
1334,sadness
4786,sadness
33807,happy
8958,happy
7916,happy
20908,happy
23590,happy
3075,sadness
12318,happy
1678,sadness
12818,sadness
13812,sadness
1026,happy
5493,happy
18405,sadness
13322,happy
21275,happy
31080,happy
16511,happy
22154,sadness
33523,sadness
12119,sadness
34250,sadness
2748,happy
13907,sadness
35860,happy
12951,happy
2805,sadness
10455,happy
8316,happy
9454,happy
29692,happy
23664,sadness
35043,happy
6603,sadness
2350,happy
12246,happy
9094,happy
23621,happy
26703,happy
19918,happy
13127,sadness
24066,happy
32835,happy
3465,happy
5891,happy
4366,happy
5968,sadness
9174,happy
31752,happy
18700,sadness
33636,happy
33802,sadness
21249,happy
22991,happy
231,happy
28272,happy
13366,happy
34471,sadness
32296,happy
9890,happy
1931,happy
7116,sadness
800,happy
13139,happy
32913,happy
35209,happy
5269,happy
15696,sadness
14278,sadness
5995,happy
26581,happy
16562,happy
13187,sadness
30439,happy
18442,happy
167,sadness
28143,happy
25576,sadness
16752,sadness
24286,happy
23700,happy
23945,happy
17007,happy
16967,sadness
18270,sadness
23933,sadness
7845,sadness
7037,happy
2554,happy
22604,happy
3410,happy
27404,sadness
33295,sadness
26600,happy
24509,happy
25126,happy
70,happy
25039,happy
17215,happy
8738,happy
24656,happy
4951,sadness
17775,happy
34836,happy
32382,sadness
15468,happy
20547,happy
17194,sadness
10362,happy
35321,happy
2231,sadness
5356,happy
28040,sadness
33564,sadness
3120,sadness
9498,happy
31897,sadness
25322,sadness
15400,happy
16535,happy
3959,happy
27776,sadness
25517,happy
27647,happy
18944,happy
356,happy
13505,happy
35116,sadness
31833,happy
30793,happy
4185,sadness
10252,happy
1891,happy
7675,happy
35226,sadness
21441,happy
6960,happy
7080,happy
13792,happy
30292,happy
35787,sadness
1699,happy
17625,happy
11019,happy
30289,happy
13848,happy
15409,sadness
27400,happy
3518,happy
3772,sadness
31669,sadness
21990,happy
657,happy
9180,happy
34913,sadness
12729,happy
18259,sadness
23452,sadness
33016,sadness
10096,sadness
26398,happy
15292,sadness
25582,sadness
35869,happy
7121,happy
31663,sadness
2539,happy
26675,sadness
11836,sadness
24906,happy
24289,sadness
11150,happy
10655,happy
1121,happy
11640,sadness
34599,happy
27993,happy
32402,happy
23562,sadness
25048,sadness
31409,happy
7400,happy
16387,happy
21384,happy
20979,sadness
9800,happy
34905,happy
2985,sadness
17524,happy
13575,sadness
17010,happy
27172,sadness
24946,sadness
11552,happy
24200,happy
17237,happy
1022,happy
25985,sadness
18610,happy
1887,sadness
20666,sadness
13802,happy
5694,happy
10074,sadness
24570,happy
16738,happy
798,happy
24823,happy
1198,happy
25271,happy
27913,happy
7905,happy
10386,happy
2556,sadness
2278,sadness
12321,happy
33675,happy
22766,happy
8099,happy
30102,happy
19962,happy
13969,sadness
20252,sadness
15484,sadness
3869,happy
31140,happy
2785,happy
5523,sadness
22805,happy
33780,sadness
26873,sadness
16700,happy
8580,sadness
33628,happy
15791,sadness
30181,sadness
29652,sadness
6045,happy
34945,sadness
29875,happy
11523,happy
20048,sadness
29248,happy
31149,sadness
28522,sadness
18872,happy
29936,happy
25839,happy
21036,happy
24633,sadness
32711,happy
29243,happy
30738,happy
24133,happy
8892,sadness
30170,happy
16558,happy
7762,sadness
8525,sadness
10871,happy
1152,sadness
7268,happy
20685,sadness
13339,happy
20120,sadness
1081,happy
895,happy
34176,happy
8559,happy
24123,sadness
531,happy
29258,sadness
7292,happy
3162,happy
26370,sadness
2293,happy
30143,sadness
12410,happy
32383,happy
1896,happy
32580,sadness
22750,sadness
24680,happy
25649,sadness
1640,sadness
4156,happy
6473,happy
33544,happy
2965,happy
19284,happy
22241,sadness
213,happy
6025,happy
35058,happy
21968,sadness
31653,happy
9570,happy
22290,happy
27117,happy
28871,sadness
10644,happy
35605,happy
25028,happy
31424,happy
9897,happy
25705,happy
33046,sadness
13091,sadness
17021,happy
5318,happy
3755,happy
14965,happy
33066,happy
19969,sadness
29379,happy
24699,sadness
24535,sadness
10903,sadness
2418,happy
16120,sadness
12648,happy
33640,happy
5004,happy
16837,sadness
28105,sadness
6467,happy
3452,happy
18180,happy
23430,happy
2649,happy
7159,happy
16863,happy
11763,happy
15147,happy
30,sadness
16809,happy
2902,happy
11316,sadness
4480,sadness
17682,sadness
5056,happy
5477,happy
33152,happy
30338,happy
30114,happy
16770,happy
29766,happy
26667,sadness
21460,happy
16275,sadness
31627,happy
32297,happy
98,happy
7753,happy
27365,happy
10432,happy
22138,happy
32769,happy
553,sadness
13852,happy
10468,sadness
977,happy
20039,happy
9066,happy
35369,happy
35346,sadness
20072,happy
20285,sadness
33727,happy
32607,happy
4832,happy
8756,happy
11626,sadness
22419,happy
24217,sadness
33423,happy
6691,happy
16787,happy
3855,sadness
15169,happy
14700,happy
15843,happy
35598,sadness
5062,happy
3811,happy
8334,sadness
11264,sadness
25055,happy
32614,sadness
28502,happy
34798,happy
29987,happy
15910,sadness
11280,happy
22761,sadness
3132,happy
18016,happy
27810,happy
18037,happy
33492,sadness
25510,happy
27854,happy
33071,happy
19486,happy
23901,sadness
6217,happy
24239,happy
22424,happy
29112,happy
32958,sadness
7162,happy
17248,happy
30001,happy
10769,sadness
28590,happy
24521,sadness
23381,happy
17363,happy
31506,sadness
20984,sadness
139,sadness
24384,sadness
5452,sadness
6529,happy
14139,happy
6416,happy
26909,happy
6444,happy
23779,sadness
1787,happy
18783,happy
25281,happy
487,happy
26702,sadness
16375,happy
4803,happy
2176,happy
29941,happy
20667,happy
35559,happy
32354,happy
3378,happy
25443,sadness
27471,happy
2431,sadness
16710,sadness
9605,sadness
30332,sadness
19893,happy
18067,sadness
2120,sadness
33371,happy
18483,happy
4653,happy
22067,happy
20023,sadness
19861,sadness
19700,sadness
30961,happy
31367,sadness
24057,happy
12581,sadness
15257,sadness
14063,happy
18308,happy
25425,sadness
18861,happy
2620,happy
35768,sadness
23991,happy
15443,happy
2867,happy
28474,happy
33319,happy
5836,sadness
26159,happy
29383,happy
22784,sadness
19245,sadness
12594,happy
6784,happy
32048,happy
22765,happy
19589,sadness
18573,happy
16619,happy
24881,sadness
13703,happy
21927,happy
11349,sadness
24783,happy
30823,sadness
13870,happy
12113,happy
17279,happy
2450,sadness
4640,sadness
5548,sadness
5008,happy
29019,sadness
28596,sadness
20857,happy
28897,happy
1364,happy
17887,happy
1058,sadness
20171,happy
32843,sadness
2816,happy
25348,sadness
19803,happy
7413,sadness
35199,happy
15657,happy
478,happy
3538,happy
23946,sadness
11819,sadness
7713,happy
17220,sadness
2615,sadness
19449,sadness
8086,sadness
26834,sadness
10879,happy
24077,happy
27105,happy
192,sadness
25809,sadness
32582,happy
29071,happy
8702,happy
12861,sadness
3215,sadness
24395,happy
3144,sadness
6964,sadness
11516,happy
13180,sadness
23559,happy
29150,happy
24299,happy
16798,happy
17772,happy
23096,happy
5835,happy
10004,happy
34679,sadness
23658,happy
5942,happy
20949,happy
33276,sadness
26404,sadness
27187,happy
21769,happy
29981,happy
29757,happy
22032,sadness
19263,happy
12487,happy
721,happy
17498,sadness
35812,happy
24355,happy
21348,happy
22064,sadness
15909,happy
23440,sadness
19318,sadness
9152,happy
17763,sadness
13833,sadness
29773,happy
9864,happy
21376,happy
19132,happy
1560,sadness
655,happy
31112,sadness
11392,happy
7804,sadness
30377,happy
31572,sadness
12092,sadness
20595,happy
21899,happy
24380,happy
9006,sadness
13073,happy
25410,sadness
16645,sadness
31068,happy
620,sadness
13874,sadness
12600,sadness
9412,happy
3250,sadness
5445,happy
10218,happy
9073,sadness
22619,sadness
31265,sadness
16208,sadness
35856,happy
18425,happy
3313,happy
30830,sadness
29724,happy
31099,sadness
30331,sadness
18655,sadness
27508,happy
7892,happy
1953,happy
30478,happy
2948,happy
15462,happy
34988,sadness
12497,happy
17821,sadness
26378,sadness
9457,happy
28230,happy
33933,sadness
10141,sadness
8301,happy
14378,happy
31629,happy
27474,sadness
20821,happy
13911,sadness
28581,happy
31534,happy
33460,sadness
1246,sadness
31527,happy
20445,sadness
23764,happy
15432,sadness
4607,happy
9693,sadness
21666,sadness
22937,sadness
22416,happy
26747,happy
15077,happy
20866,happy
18471,happy
15192,sadness
14346,happy
4580,happy
34585,sadness
34437,happy
19607,sadness
18173,sadness
4233,happy
33421,sadness
6110,happy
4797,sadness
5560,happy
4734,sadness
32574,sadness
10172,sadness
19478,happy
17032,happy
33240,happy
7379,sadness
422,happy
942,sadness
31977,happy
11284,happy
35039,happy
16667,sadness
5857,sadness
22989,happy
27450,happy
5107,happy
23377,sadness
4107,happy
8704,sadness
31072,sadness
24224,sadness
22395,happy
22346,happy
29322,sadness
32796,happy
28568,happy
13385,happy
16839,happy
3029,sadness
7119,sadness
10126,happy
8682,happy
34375,happy
33188,sadness
35582,happy
2774,happy
22704,sadness
13293,happy
33024,happy
9845,happy
32773,sadness
25337,happy
26098,happy
15589,happy
14250,happy
34841,happy
11842,sadness
18898,sadness
30585,happy
7191,happy
20213,sadness
13888,happy
33144,happy
30611,sadness
31987,sadness
8039,sadness
9640,happy
31141,sadness
28367,happy
22977,sadness
32372,happy
33174,happy
31542,happy
7511,sadness
8718,sadness
2069,happy
23507,happy
26040,happy
13317,sadness
27196,happy
27681,happy
28928,happy
24219,happy
26888,sadness
8814,happy
23321,happy
3433,sadness
11549,happy
11746,sadness
14494,happy
16706,sadness
9841,happy
32838,happy
16056,happy
14360,happy
3663,happy
4910,happy
31316,happy
30737,happy
10370,happy
2374,happy
16699,happy
33648,happy
26967,happy
24582,sadness
3083,happy
30221,happy
30646,happy
25211,sadness
33518,sadness
21501,happy
35698,sadness
8322,happy
3024,happy
29889,happy
20208,happy
9459,happy
5689,happy
15221,happy
2810,sadness
41,sadness
30045,sadness
23374,sadness
27410,happy
11241,sadness
6272,happy
7441,happy
6759,happy
24168,happy
19303,sadness
33089,sadness
34985,sadness
34644,happy
1815,happy
14106,sadness
9246,happy
446,happy
20155,happy
1156,happy
11766,sadness
22614,sadness
27675,happy
34170,sadness
29998,happy
3661,happy
28108,happy
24420,sadness
13757,happy
26107,sadness
7986,happy
22247,happy
33231,sadness
1491,happy
26660,sadness
34788,sadness
26160,happy
12257,happy
6394,sadness
10367,happy
14475,happy
15365,happy
2751,happy
3260,happy
29467,sadness
13590,sadness
14546,happy
21428,happy
25240,happy
24189,sadness
19536,happy
22289,happy
29504,happy
28966,happy
17694,happy
14518,happy
17654,sadness
2256,happy
27648,sadness
6645,happy
30683,sadness
35873,happy
26169,sadness
19864,happy
5127,happy
34057,sadness
28700,happy
34510,sadness
15455,happy
18226,sadness
6457,sadness
11790,happy
33283,happy
3951,happy
18237,happy
7664,sadness
17624,happy
7561,sadness
29617,sadness
26612,happy
18047,sadness
4714,happy
16192,happy
24292,happy
19056,sadness
3056,happy
2950,sadness
21783,sadness
21201,happy
20355,sadness
24769,happy
3235,sadness
19105,sadness
12074,sadness
3278,happy
8056,happy
35142,sadness
3206,happy
688,sadness
7975,sadness
10176,sadness
5490,happy
19958,happy
1074,happy
9538,sadness
29756,happy
10992,sadness
22056,sadness
10638,happy
9901,happy
18082,sadness
13979,happy
21524,happy
10339,happy
23978,happy
29897,happy
35721,happy
22631,sadness
20972,sadness
20941,happy
30763,happy
28895,happy
32818,happy
17485,sadness
29298,sadness
22466,happy
10317,sadness
21978,happy
33690,happy
27932,sadness
17100,sadness
24460,happy
20216,happy
34244,happy
6137,happy
6183,sadness
14388,sadness
27005,happy
32953,sadness
29020,happy
9599,happy
25658,happy
25420,happy
26443,happy
35372,sadness
31571,happy
21715,happy
12611,sadness
30337,sadness
18245,happy
2238,happy
8020,sadness
14310,sadness
7806,happy
12190,sadness
3969,happy
18381,happy
7881,happy
333,sadness
15621,happy
1173,sadness
12141,happy
20301,happy
17188,sadness
4764,sadness
8834,sadness
2945,happy
4269,happy
20122,sadness
6215,sadness
5910,happy
14792,happy
3662,happy
13162,sadness
4987,happy
25383,happy
5919,happy
28138,happy
35685,happy
22804,sadness
11295,happy
7245,sadness
28073,sadness
3825,sadness
14314,sadness
20750,happy
25744,sadness
5303,sadness
32624,sadness
3088,happy
1778,happy
18873,happy
16198,sadness
23748,happy
1512,sadness
23862,sadness
21312,sadness
31248,happy
11031,happy
27948,sadness
9689,sadness
12376,happy
30219,happy
26566,sadness
20656,happy
7430,happy
32568,happy
25652,happy
14448,happy
13726,sadness
21574,happy
34427,happy
14348,sadness
5166,sadness
33736,happy
3139,sadness
20229,happy
4620,happy
8820,happy
23801,happy
15616,sadness
13204,happy
19162,happy
6577,sadness
7026,sadness
6033,sadness
32046,happy
4791,sadness
18822,happy
32394,happy
17117,happy
27561,sadness
30962,sadness
1973,sadness
28249,happy
19731,happy
13456,sadness
23667,happy
23122,happy
15208,happy
16087,happy
29460,happy
26368,sadness
33516,happy
19269,happy
2478,sadness
26683,happy
5006,sadness
17432,happy
25578,sadness
35603,happy
30853,happy
7366,happy
11508,happy
9238,sadness
12899,happy
5089,sadness
17494,sadness
16388,happy
6532,happy
17936,sadness
15212,sadness
2913,happy
30835,sadness
32177,happy
27212,sadness
4182,happy
16475,happy
2308,happy
25604,happy
26578,sadness
11966,happy
20469,happy
29456,sadness
23853,happy
23341,happy
21185,sadness
16405,happy
35131,happy
29585,sadness
1920,happy
13968,sadness
2324,happy
14578,sadness
35850,sadness
8390,happy
3012,sadness
3766,happy
30328,happy
17207,sadness
19531,happy
17341,happy
31742,sadness
32422,happy
1141,sadness
6403,sadness
35148,happy
26970,sadness
17684,sadness
33530,happy
17730,happy
2137,happy
27350,happy
12789,sadness
24099,happy
24263,happy
16985,sadness
4415,happy
13449,sadness
20193,sadness
13940,sadness
28264,sadness
247,happy
21605,happy
8940,sadness
19461,happy
27305,happy
7065,happy
19074,happy
16308,sadness
4363,sadness
27701,sadness
28807,happy
6720,sadness
34397,happy
28171,happy
5812,sadness
7532,sadness
27887,happy
24247,happy
22179,happy
7878,happy
22255,happy
2485,happy
23865,happy
19438,sadness
33757,sadness
25058,happy
35497,sadness
3411,happy
26563,sadness
6459,sadness
17104,happy
16971,sadness
10935,happy
24764,happy
1078,sadness
6915,sadness
29561,happy
18193,happy
16588,sadness
659,happy
33175,happy
29578,happy
2502,happy
31836,sadness
16712,happy
11927,sadness
28938,happy
19323,happy
9202,sadness
18080,sadness
20140,happy
8886,sadness
26304,sadness
30080,happy
21538,happy
29194,happy
32189,sadness
15447,sadness
2476,happy
16596,sadness
35163,happy
4988,happy
24473,happy
5807,happy
26720,happy
3818,happy
4958,happy
35101,sadness
21324,happy
31720,happy
23501,happy
26772,sadness
30871,sadness
15613,sadness
28273,happy
13427,happy
26006,happy
23304,sadness
80,happy
22894,sadness
24087,happy
30651,happy
10456,sadness
34694,happy
6776,sadness
11398,sadness
31137,sadness
31665,happy
19137,happy
16003,sadness
12364,sadness
33268,happy
6522,sadness
5340,happy
23525,sadness
33357,happy
18503,sadness
4433,sadness
6123,sadness
2411,sadness
17257,sadness
29680,happy
12956,happy
20675,sadness
6492,sadness
12772,happy
19364,happy
22380,happy
27407,happy
20519,sadness
24340,sadness
13562,sadness
29295,happy
30652,happy
35370,happy
23238,sadness
23675,sadness
21778,sadness
2327,happy
35547,sadness
20296,happy
27671,sadness
22900,sadness
22602,sadness
12512,happy
33533,happy
25602,happy
13983,happy
17692,happy
3978,happy
27128,happy
16141,happy
738,sadness
22834,happy
5229,happy
25961,sadness
14427,sadness
25643,happy
28772,happy
18361,happy
2436,sadness
13510,sadness
172,sadness
2039,sadness
17128,sadness
29475,sadness
19889,happy
19674,happy
22051,happy
14327,happy
2530,happy
18475,sadness
1645,happy
28954,happy
35117,happy
33853,sadness
11876,sadness
26963,sadness
22671,happy
34840,happy
15565,happy
10841,happy
11614,happy
32911,happy
33407,happy
7337,happy
30772,happy
7963,happy
15289,happy
9416,sadness
10312,happy
35804,happy
21005,sadness
7679,happy
