fecha,noticia,seccion
2023-04-24 09:51:53.591000+00:00,vídeo en directo:La exhumación de Primo de Rivera se lleva a cabo a puerta cerrada ,Otros
2023-04-24 09:51:53.591000+00:00,"El Gobierno ejecuta el traslado de los restos del fundador de la Falange tras los de Franco, Queipo, Sanjurjo y Mola",Otros
2023-04-24 09:51:53.591000+00:00,Vídeo | Así ‘sacralizó’ el franquismo al líder falangista:Samuel Martínez,Otros
2023-04-24 09:51:53.591000+00:00,El gasto militar en Europa alcanza niveles de la Guerra Fría,Otros
2023-04-24 09:51:53.591000+00:00,El general ucranio Serguéi Melnik: “Solo los rusos pueden cambiar Rusia. Será entonces cuando termine la guerra”,Otros
2023-04-24 09:51:53.591000+00:00,EDITORIAL:Pulso agrícola en la UE ,Otros
2023-04-24 09:51:53.591000+00:00,Una moratoria artificial,Otros
2023-04-24 09:51:53.591000+00:00,No pongáis vuestras sucias manos sobre el punk,Otros
2023-04-24 09:51:53.591000+00:00,Los libros,Otros
2023-04-24 09:51:53.591000+00:00,EDITORIAL:Pulso agrícola en la UE ,Otros
2023-04-24 09:51:53.591000+00:00,Una moratoria artificial,Otros
2023-04-24 09:51:53.591000+00:00,No pongáis vuestras sucias manos sobre el punk,Otros
2023-04-24 09:51:53.591000+00:00,Los libros,Otros
2023-04-24 09:51:53.591000+00:00,Marisa Baqué: “Bebemos un café de mierda”,Otros
2023-04-24 09:51:53.591000+00:00,"Llegan a Madrid los civiles evacuados por el Ejército desde Sudán, entre ellos 34 españoles",Otros
2023-04-24 09:51:53.591000+00:00,Clara Ponsatí alega que se encuentra en Bélgica y evita comparecer en el Supremo ante el juez Llarena,Otros
2023-04-24 09:51:53.591000+00:00,Las asociaciones judiciales y fiscales menos las progresistas irán a la huelga desde el 16 de mayo,Otros
2023-04-24 09:51:53.591000+00:00,"Se elevan a 12 las víctimas de abusos de Martín Vigil, el célebre cura escritor de los sesenta: “Era un pederasta de manual”",Otros
2023-04-24 09:51:53.591000+00:00,Los vecinos del barrio con más pisos turísticos de España: “No queremos ser una nueva Venecia”,Otros
2023-04-24 09:51:53.591000+00:00,"Portugal toma la delantera en la revolución verde: energías renovables por tierra, mar y aire",Otros
2023-04-24 09:51:53.591000+00:00,"La mujer muestra signos de la edad antes que el hombre, pero de forma más gradual",Otros
2023-04-24 09:51:53.591000+00:00,"Interior busca empresa para quemar alijos de droga a 990 euros la tonelada
",Otros
2023-04-24 09:51:53.591000+00:00,El rey emérito prolonga su estancia en España para someterse a un reconocimiento médico,Otros
2023-04-24 09:51:53.591000+00:00,"Credit Suisse cierra con beneficios el primer trimestre del año, en el que perdió más de 62.400 millones en depósitos ",Otros
2023-04-24 09:51:53.591000+00:00,Cómo un sótano en el noreste de Estados Unidos se ha convertido en un templo del Real Madrid,Otros
2023-04-24 09:51:53.591000+00:00,El rey emérito prolonga su estancia en España para someterse a un reconocimiento médico,Otros
2023-04-24 09:51:53.591000+00:00,"Credit Suisse cierra con beneficios el primer trimestre del año, en el que perdió más de 62.400 millones en depósitos ",Otros
2023-04-24 09:51:53.591000+00:00,Cómo la actriz de ‘El exorcista’ sobrevivió al papel más polémico del siglo y está dispuesta a volver a él,Otros
2023-04-24 09:51:53.591000+00:00,"¿Por qué ‘MasterChef’ no dura menos?: el concurso no se ha desdoblado, se ha duplicado",Otros
2023-04-24 09:51:53.591000+00:00,De Steve Jobs a Will Still: la rebelión de los no titulados,Otros
2023-04-24 09:51:53.591000+00:00,"Elle Evans, la mujer que lleva diez años huyendo de ‘Blurred Lines’, su canción más controvertida",Otros
2023-04-24 09:51:53.591000+00:00,"Dónde comer en Barcelona, según el chef Oriol Castro",Otros
2023-04-24 09:51:53.591000+00:00,Cómo hacer risotto: consejos básicos para no sufrir preparándolo y cuatro recetas,Otros
2023-04-24 09:51:53.591000+00:00,Arrojando luz sobre el Sol,Otros
2023-04-24 09:51:53.591000+00:00,El éxito de la reforma educativa depende del aula y de quién la imparta,Otros
2023-04-24 09:51:53.591000+00:00,Los que se quedan en Ciudadanos: de la alcaldesa de Ciudad Real al vicepresidente de Tenerife,Otros
2023-04-24 09:51:53.591000+00:00,Las claves del incendio en un restaurante de Madrid: licencia desde 1997 y las imágenes borradas por los decoradores,Otros
2023-04-24 09:51:53.591000+00:00,La frágil vida de una corza albina que repudió la manada en Lugo,Otros
2023-04-24 09:51:53.591000+00:00,‘Podcast’ | Pensiones: por qué es un debate para jóvenes,Otros
2023-04-24 09:51:53.591000+00:00,La inversión hotelera se moviliza hacia Madrid por las restricciones en Barcelona y Baleares,Otros
2023-04-24 09:51:53.591000+00:00,Qué pasará en el futuro con los tipos de interés,Otros
2023-04-24 09:51:53.591000+00:00,El Gobierno confía en los fondos KKR y Blackstone para ejecutar su plan de vivienda,Otros
2023-04-24 09:51:53.591000+00:00,Humedales en peligro de muerte,Otros
2023-04-24 09:51:53.591000+00:00,Para qué sirven los fondos europeos,Otros
2023-04-24 09:51:53.591000+00:00,El crepúsculo de los dioses del rock: pros y contras del estado actual de 17 veteranos,Otros
2023-04-24 09:51:53.591000+00:00,"Almudena Ariza, periodista: “Ahora mismo, me siento guiri en España”",Otros
2023-04-24 09:51:53.591000+00:00,"Alcaraz, tras vencer en el Godó: “Tengo muchas ganas de ganar Roland Garros” ",Otros
2023-04-24 09:51:53.591000+00:00,"BARCELONA, 1; ATLÉTICO, 0:El Barcelona desea la Liga: un gol de Ferran al Atlético que los acerca al campeonato",Otros
2023-04-24 09:51:53.591000+00:00,José Elías Navarro (Audax): “A quien avalé en el Barça fue a Romeu. Lo de Laporta fue un accidente”,Otros
2023-04-24 09:51:53.591000+00:00,Los Golden State Warriors se salvan pese a un error de principiante de Stephen Curry,Otros
2023-04-24 09:51:53.591000+00:00,Cuando Obradovic expulsó a Arlauckas y luego se bebieron una botella de Chivas,Otros
2023-04-24 09:51:53.591000+00:00,"Puig Campana, la montaña alpina a los pies del Mediterráneo",Otros
2023-04-24 09:51:53.591000+00:00,El bastión portugués de la  socialdemocracia europea ,Otros
2023-04-24 09:51:53.591000+00:00,¿Se puede responder a Putin desde el pacifismo?,Otros
2023-04-24 09:51:53.591000+00:00,"Biden contra Trump 2024, la secuela",Otros
2023-04-24 09:51:53.591000+00:00,"Argentina registra el brote de dengue más letal de su historia, con al menos 39 muertos",Otros
2023-04-24 09:51:53.591000+00:00,La diplomacia estonia de internet desembarca en África,Otros
2023-04-24 09:51:53.591000+00:00,Las joyas ocultas del románico rural por descubrir en España,Otros
2023-04-24 09:51:53.591000+00:00,"Andrea Marcolongo, filóloga: “Todo lo que estamos viviendo ya ha sido vivido”",Otros
2023-04-24 09:51:53.591000+00:00,Coachella: puro teatro,Otros
2023-04-24 09:51:53.591000+00:00,"Talasofobia, accesibilidad y la lista de influyentes de ‘Time’ ",Otros
2023-04-24 09:51:53.591000+00:00,Agenda de la semana: despide abril con estos 10 eventos culturales,Otros
2023-04-24 09:51:53.591000+00:00,"Enoturismo urbano en Toro, el arte de maridar historia, patrimonio y vino ",Otros
2023-04-24 09:51:53.591000+00:00,Ojo con las ‘apps’ para identificar plantas a través de fotos: su precisión es muy baja,Otros
2023-04-24 09:51:53.591000+00:00,Consejos de mi profesor de autoescuela aplicables a la paternidad,Otros
2023-04-24 09:51:53.591000+00:00,Por qué Milán sigue siendo la absoluta capital mundial del diseño,Otros
2023-04-24 09:51:53.591000+00:00,Videoanálisis | Cómo afectará desde mayo la ley de vivienda a propietarios e inquilinos,Otros
2023-04-24 09:51:53.591000+00:00,El carruaje y otros 14 detalles de la coronación de Carlos III,Otros
2023-04-24 09:51:53.591000+00:00,Así se desatan la tortura y la violación en la guerra de Ucrania,Otros
2023-04-24 09:51:53.591000+00:00,"Los liberales alemanes, el socio menor de la coalición de gobierno que juega a la contra para sobrevivir",Otros
2023-04-24 09:51:53.591000+00:00,"Grabaciones secretas, recompensas millonarias y traiciones familiares: así ha cazado EE UU a Los Chapitos",Otros
2023-04-24 09:51:53.591000+00:00,"El ‘Gran Hermano’ de Irán contra las mujeres sin velo: cámaras de vigilancia, cárcel y multas ",Otros
2023-04-24 09:51:53.591000+00:00,Tregua en las izquierdas hasta el 28-M,Otros
2023-04-24 09:51:53.591000+00:00,Sánchez equipara al PP con Vox por el “negacionismo climático” del discurso de Feijóo,Otros
2023-04-24 09:51:53.591000+00:00,Atasco en la Operación Deluxe por el aluvión de perjudicados,Otros
2023-04-24 09:51:53.591000+00:00,FCC gana un 14% más en los tres primeros meses del año impulsada por la construcción,Otros
2023-04-24 09:51:53.591000+00:00,Buscadores y redes sociales agrandan su peso en la publicidad: ya acaparan el 44% de la inversión,Otros
2023-04-24 09:51:53.591000+00:00,"Vivienda en Madrid y Barcelona: políticas opuestas, mismos problemas",Otros
2023-04-24 09:51:53.591000+00:00,"Martín Moreno, director del congreso europeo sobre tabaco: “España es el estanco de Europa” ",Otros
2023-04-24 09:51:53.591000+00:00,En el cementerio de Tabarca no cabe ni un alma más,Otros
2023-04-24 09:51:53.591000+00:00,El último guateque de Antonio,Otros
2023-04-24 09:51:53.591000+00:00,Por qué hacer los deberes con tu hijo no le hará mejor estudiante (a no ser que tengas estudios superiores y dinero),Otros
2023-04-24 09:51:53.591000+00:00,"Àngels Fitó, rectora de la UOC: “Evitar el fraude académico pasa por preguntar aquello que ChatGPT no puede hacer”",Otros
2023-04-24 09:51:53.591000+00:00,"Diez libros ilustrados para regalar a los niños en Sant Jordi sobre lunas, culos, muros e ideas",Otros
2023-04-24 09:51:53.591000+00:00,Las claves del episodio de calor extremo que comienza a gestarse hoy y que llevará los termómetros a 39° a finales de abril,Otros
2023-04-24 09:51:53.591000+00:00,"España, una isla frente al resurgir de los trenes nocturnos en Europa ",Otros
2023-04-24 09:51:53.591000+00:00,El caso de la osa que mató a un corredor aviva el debate animalista en Italia,Otros
2023-04-24 09:51:53.591000+00:00,"Marcos Nadal, psicólogo: “El placer está condicionado por tu experiencia, las expectativas y el contexto”",Otros
2023-04-24 09:51:53.591000+00:00,Marcianos por un año dentro de un hangar de la NASA,Otros
2023-04-24 09:51:53.591000+00:00,"‘La ley de Campbell y el poder blando que explican la trama saudí para corromper científicos’, por Javier Salas",Otros
2023-04-24 09:51:53.591000+00:00,Las nuevas tabaqueras: la oleada de demandas que puede acabar con las redes sociales,Otros
2023-04-24 09:51:53.591000+00:00,¿Y si quiero desaparecer de internet? ,Otros
2023-04-24 09:51:53.591000+00:00,"Twitter retira el ‘check’ azul a quienes no pagan por el servicio, salvo a algunas celebridades",Otros
2023-04-24 09:51:53.591000+00:00,"No saber ganar, ni perder",Otros
2023-04-24 09:51:53.591000+00:00,Once barras de pan,Otros
2023-04-24 09:51:53.591000+00:00,Aston Martin revive la fiebre por Fernando Alonso,Otros
2023-04-24 09:51:53.591000+00:00,"El reverso tenebroso de la lectura: jerarcas nazis, filósofos parlantes y fétidos lodos",Otros
2023-04-24 09:51:53.591000+00:00,"‘Argentina, 1985’ y la serie ‘Noticia de un secuestro’ triunfan en los Premios Platino del audiovisual iberoamericano",Otros
2023-04-24 09:51:53.591000+00:00,El mito de D’Artagnan impregna la Francia convulsa de Macron,Otros
2023-04-24 09:51:53.591000+00:00,El dolor de las madres coraje acecha a María León en ‘El hijo zurdo’,Otros
2023-04-24 09:51:53.591000+00:00,El desconcierto del anciano capitán Picard es el desconcierto de los viejos,Otros
2023-04-24 09:51:53.591000+00:00,Pudo llamarse ‘Ellas y ellos’ y convirtió a Fran Perea en estrella en Finlandia: ‘Los Serrano’ cumple 20 años ,Otros
2023-04-24 09:51:53.591000+00:00,Simone Biles se casa con Jonathan Owens tres años después de conocerse por una aplicación de citas,Otros
2023-04-24 09:51:53.591000+00:00,Meghan Markle se pronuncia sobre su ausencia en la Coronación y pide “detener el circo” de los medios,Otros
2023-04-24 09:51:53.591000+00:00,"Juan Carlos I y la reina Sofía, tres años separados pero sin divorcio a la vista: deber, tradición y dinero  ",Otros
2023-04-24 09:51:53.591000+00:00,“Debemos invertir para que los pequeños productores puedan alimentar a sus familias y naciones de forma sostenible”,Otros
2023-04-24 09:51:53.591000+00:00,"Los somalíes que regresaron a casa: “No planeo otro viaje a Europa, no quiero sufrir hambre y torturas”",Otros
2023-04-24 09:51:53.591000+00:00,Martirio: “Me he acostumbrado a dormir en diagonal y prefiero estar sola que con alguien que no me haga crecer” ,Otros
2023-04-24 09:51:53.591000+00:00,Así se cocinó durante meses el menú de los 25 años de Mugaritz,Otros
2023-04-24 09:51:53.591000+00:00,Nathy Peluso: “Sentirse reprimida es algo que tendría que estar absolutamente prohibido”,Otros
2023-04-24 09:51:53.591000+00:00,Jennifer Aniston y el caso de las rodillas por las que no pasa el tiempo,Otros
2023-04-24 09:51:53.591000+00:00,"Un suicidio, una sombra y una apuesta: cuando New Order cambió el pop electrónico para siempre",Otros
2023-04-24 09:51:53.591000+00:00,Entre el himno de España y Bad Gyal: así fue como Alejandro Palomo conquistó Nueva York,Otros
2023-04-24 09:51:53.591000+00:00,"Una vía ferrata de vértigo en los Alpes, el nuevo parque de Nintendo en Hollywood y otras 10 razones para emprender un viaje ",Otros
2023-04-24 09:51:53.591000+00:00,Hoteles solo para adultos: ¿discriminatorios o remansos de paz sin niños?,Otros
2023-04-24 09:51:53.591000+00:00,Poliamor y amores varios: contra el cuento de hadas del romanticismo ,Otros
2023-04-24 09:51:53.591000+00:00,Corramos. Aunque ya no sea necesario para conseguir la cena,Otros
2023-04-24 09:51:53.591000+00:00,"Larry Fink, el hombre más poderoso de la Bolsa mundial: “El planeta está en transición, y las transiciones son aterradoras, desordenadas”",Otros
2023-04-24 09:51:53.591000+00:00,A tortas por los derechos de autor de las canciones,Otros
2023-04-24 09:51:53.591000+00:00,"‘Antes del antiimperialismo’, un excelente ejemplo de alta investigación histórica",Otros
2023-04-24 09:51:53.591000+00:00,Escribir como se habla: así es la nueva tendencia en la literatura española,Otros
2023-04-24 09:51:53.591000+00:00,El coche eléctrico chino que podría arrasar en Europa por su precio,Otros
2023-04-24 09:51:53.591000+00:00, ¿Un radar de la DGT multa por circular a 121 km/h?,Otros
2023-04-24 09:51:53.591000+00:00,El boom de les presentacions literàries,Otros
2023-04-24 09:51:53.591000+00:00,La superilla literària i molt més per Sant Jordi ,Otros
2023-04-24 09:51:53.591000+00:00,Taller de Periodismo y videojuegos,Otros
2023-04-24 09:51:53.591000+00:00,"El periodista Nacho Meneses y un equipo de la sección de Internacional, galardonados por sus trabajos en neurología e investigación",Otros
2023-04-24 09:51:53.591000+00:00,"Hummus de guisantes, poké de atún y banana split casero, el menú semanal de El Comidista",Otros
2023-04-24 09:51:53.591000+00:00,Las 25 pizzas estrella de nuestras pizzerías españolas favoritas,Otros
2023-04-24 09:51:53.591000+00:00,“Vaya tela con mamá pitufa”: la falta de respeto de un cliente acaba en bofetada histórica por parte de un restaurante,Otros
2023-04-24 09:51:53.591000+00:00,Un médico triunfa al contar el comentario que un niño de “4 añitos” ha hecho en una consulta,Otros
2023-04-24 09:51:53.591000+00:00,Asensio depende de Brahim,Otros
2023-04-24 09:51:53.591000+00:00,Del café a la cocaína en el trabajo: la otra cara de la explotación laboral,Otros
2023-04-24 09:51:53.591000+00:00,Las 10 mejores películas y series de mafia de la historia,Otros
2023-04-24 09:51:53.591000+00:00,La unión de la música y la literatura: 10 canciones inspiradas en libros,Otros
